﻿<?xml version="1.0" encoding="utf-8" ?>
<CodeSnippet Format="1.0.0">
    <Header>
        <Title>Test Method with ExpectedException</Title>
        <Shortcut>testexpectedexception</Shortcut>
        <Description>Expansion snippet for a Test method</Description>
        <SnippetTypes>
            <SnippetType>Expansion</SnippetType>
        </SnippetTypes>
    </Header>
    <Snippet>
        <Declarations>
            <Literal default="false">
                <ID>name</ID>
                <ToolTip>TestName</ToolTip>
            </Literal>
            <Literal default="false">
                <ID>type</ID>
                <ToolTip>Expected Exception Type</ToolTip>
            </Literal>
        </Declarations>
        <Code Language="csharp" Format="CData">
<![CDATA[[Test]
        [ExpectedException(typeof($type$Exception))]
        public void $name$()
        {$end$
        }]]>
	</Code>
    </Snippet>
</CodeSnippet>