﻿<?xml version="1.0" encoding="utf-8" ?>
<CodeSnippet Format="1.0.0">
    <Header>
        <Title>TypeFixture</Title>
        <Shortcut>typefixture</Shortcut>
        <Description>Expansion snippet for TypeFixture</Description>
        <SnippetTypes>
            <SnippetType>Expansion</SnippetType>
        </SnippetTypes>
    </Header>
    <Snippet>
        <Declarations>
            <Literal default="false">
                <ID>namespace</ID>
                <ToolTip>Test namespace</ToolTip>
            </Literal>
            <Literal default="false">
                <ID>type</ID>
                <ToolTip>Tested type</ToolTip>
            </Literal>
        </Declarations>
        <Code Language="csharp" Format="CData">
<![CDATA[using System;
using MbUnit.Core.Framework;
using MbUnit.Framework;

namespace $namespace$
{
    /// <summary>
    /// A <see cref="TypeFixture"/> for the <see cref="$type$"/> class.
    /// </summary>
    [TypeFixture(typeof($type$))]
    //[ProviderFactory(typeof($type$Factory),typeof($type$))]
    [TestsOn(typeof($type$))]
    public class $type$Test
    {
        #region SetUp and TearDown
        /// <summary>
        /// Initializes the fixture
        /// </summary>
        [SetUp]
        public void SetUp($type$ value)
        {
        }
        /// <summary>
        /// Cleans up the fixture
        /// </summary>
        [TearDown]
        public void TearDown($type$ value)
        {
        }
        #endregion
    
        #region Test cases
        [Test]
        public void Test($type$ value)
        {
            $end$
        }
        #endregion    
    }
}]]>
	</Code>
    </Snippet>
</CodeSnippet>